Vuln,test #,detect,patch,time,,,2 iters test****,detect,patch,time,avg,,<- This trial is included in the paper,,,,,,,Vote Times,,Max/Min
bug_oob_array_access,1,y,n,crash,,,,y,n,3.41,,,,,,,,,,10564566,,
,2,y,n,3.81,,,,y,n,3.46,,,,,,,,,,10404719,,12677912
,3,y,n,3.95,,,,y,n,3.42,,,,,,,,,,9308620,,5857384
,4,y,n,3.86,,,,y,n,3.45,,,,,,,,,,8457120,,
,5,y,n,3.78,,,,y,n,3.44,,,,,,,,,,10204215,,
,6,y,n,4.05,,,,y,n,3.41,,,,,,,,,,9407071,,
,7,y,n,4:20,,,,y,n,3.41,,,,,,,,,,8554678,,
,8,y,n,3.84,,,,y,n,3.44,,,,,,,,,,9380267,,
,9,y,n,3.92,,,,y,n,3.41,,,,,,,,,,12677912,,
,10,y,n,3.85,,,,y,n,3.44,3.429,,,,,,,,,11877790,,
,,,,,,,,,,,,,,,,,,,,9337791,,
bug_type_casting,1,y,n,4.22,,,,y,n,3.38,,,,,,,,,,9116079,,
,2,y,n,3.94,,,,y,n,3.39,,,,,,,,,,7577718,,
,3,y,n,3.89,,,,y,n,3.48,,,,,,,,,,7648201,,
,4,y,n,4.26,,,,y,n,3.21,,,,,,,,,,9412820,,
,5,y,n,3.88,,,,y,n,3.2,,,,,,,,,,9193623,,
,6,y,n,3.94,,,,y,n,3.2,,,,,,,,,,11034587,,
,7,y,n,4.03,,,,y,n,3.18,,,,,,,,,,9578667,,
,8,y,n,3.77,,,,y,n,3.19,,,,,,,,,,8045405,,
,9,y,n,3.99,,,,y,n,3.18,,,,,,,,,,9312320,,
,10,y,n,3.92,,,,y,n,3.24,3.265,,,,,,,,,10413295,,
,,,,,,,,,,,,,,,,,,,,8582801,,
vuln_stack_bof,1,y,n,4.23,,,,y,y,0.17,,,,,,,,,,10169525,,
,2,y,n,4.17,,,,y,y,0.29,,,,,,,,,,9532677,,
,3,y,n,3.9,,,,y,y,0.44,,,,,,,,,,11190384,,
,4,y,n,3.81,,,,y,y,0.29,,,,,,,,,,8522004,,
,5,y,n,4.12,,,,y,y,0.3,,,,,,,,,,10528337,,
,6,y,n,3.9,,,,y,y,0.44,,,,,,,,,,11707936,,
,7,y,n,4.14,,,,y,y,0.3,,,,,,,,,,9359587,,
,8,y,n,4.09,,,,y,y,0.71,,,,,,,,,,9661190,,
,9,y,n,4.14,,,,y,y,0.29,,,,,,,,,,8600319,,
,10,y,n,4.11,,,,y,y,0.15,0.338,,,,,,,,,8085239,,
,,,,,,,,,,,,,,,,,,,,8269324,,
vuln_segfault,1,y,y,0.27,,,,y,y,0.13,9/10,,,,,,,,,9214205,,
,2,y,y,0.26,,,,y,y,0.15,,,,,,,,,,8887879,,
,3,y,y,0.25,,,,y,y,0.13,,,,,,,,,,8758373,,
,4,y,y,0.27,,,,y,y,0.14,,,,,,,,,,8861556,,
,5,y,y,0.25,,,,y,y,0.14,,,,,,,,,,7067482,,
,6,y,y,0.23,,,,y,y,0.14,,,,,,,,,,7268865,,
,7,y,y,0.23,,,,y,n,3.13,,,,,,,,,,9670653,,
,8,y,y,0.24,,,,y,y,2.47,,,,,,,,,,7295299,,
,9,y,y,0.26,,,,y,y,0.38,,,,,,,,,,7254334,,
,10,y,y,0.26,,,,y,y,0.39,0.72,,,,,,,,,10064704,,
,,,,,,,,,,,,,,,,,,,,8290646,,
vuln_fmtstr_crash,1,y,y,0.18,,,,y,y,0.17,,,,,,,,,,9551128,,
,2,y,y,0.16,,,,y,y,0.15,,,,,,,,,,9074908,,
,3,y,y,0.18,,,,y,y,0.16,,,,,,,,,,7760300,,
,4,y,y,0.16,,,,y,y,0.18,,,,,,,,,,9507251,,
,5,y,y,0.15,,,,y,y,0.16,,,,,,,,,,8161945,,
,6,y,y,0.18,,,,y,y,0.15,,,,,,,,,,8600426,,
,7,y,y,0.16,,,,y,y,0.16,,,,,,,,,,8208573,,
,8,y,y,0.17,,,,y,y,0.14,,,,,,,,,,7558311,,
,9,y,y,0.16,,,,y,y,0.17,,,,,,,,,,7541177,,
,10,y,y,0.18,,,,y,y,0.18,0.162,,,,,,,,,6374370,,
,,,,,,,,,,,,,,,,,,,,9446802,,
vuln_dos,1,y,y,0.18,,,,y,y,0.05,9/10,,,,,,,,,7630889,,
,2,y,y,0.18,,,,y,n,3.36,,,,,,,,,,8762293,,
,3,y,y,0.18,,,,y,y,0.36,,,,,,,,,,10537488,,
,4,y,y,0.19,,,,y,y,0.87,,,,,,,,,,8610979,,
,5,y,y,0.18,,,,y,y,0.4,,,,,,,,,,11834850,,
,6,y,y,0.18,,,,y,y,0.22,,,,,,,,,,8621183,,
,7,y,y,0.19,,,,y,y,0.4,,,,,,,,,,8138883,,
,8,y,y,0.18,,,,y,y,0.06,,,,,,,,,,9419873,,
,9,y,y,0.18,,,,y,y,0.06,,,,,,,,,,9706658,,
,10,y,y,0.18,,,,y,y,0.05,0.583,,,,,,,,,8261879,,
,,,,,,,,,,,,,,,,,,,,8296593,,
vuln_fmtstr_leak,1,n,-,,,,,n,-,-,,,,,,,,,,8530963,,
,2,n,-,,,,,n,-,-,,,,,,,,,,8969591,,
,3,n,-,,,,,n,-,-,,,,,,,,,,9423994,,
,4,n,-,,,,,n,-,-,,,,,,,,,,8332958,,
,5,n,-,,,,,n,-,-,,,,,,,,,,10573730,,
,6,n,-,,,,,n,-,-,,,,,,,,,,7602001,,
,7,n,-,,,,,n,-,-,,,,,,,,,,8309525,,
,8,n,-,,,,,n,-,-,,,,,,,,,,9084889,,
,9,n,-,,,,,n,-,-,,,,,,,,,,8195574,,
,10,n,-,,,,,n,-,-,,,,,,,,,,9083914,,
,,,,,,,,,,,,,,,,,,,,8546477,,
vuln_heap_bof,1,y,y,0.05,***requires pre-specified coverage.yml***,,,y,y,0.05,,****,,,,,,,,7458086,,
,2,y,,,,,,y,y,0.04,,,,,,,,,,10259524,,
,3,y,,,,,,y,y,0.04,,,,,,,,,,6987087,,
,4,y,,,,,,y,y,0.04,,,,,,,,,,7266711,,
,5,y,,,,,,y,y,0.05,,,,,,,,,,8456860,,
,6,y,,,,,,y,y,0.05,,,,,,,,,,8044858,,
,7,y,,,,,,y,y,0.04,,,,,,,,,,8398231,,
,8,y,,,,,,y,y,0.05,,,,,,,,,,8367184,,
,9,y,,,,,,y,y,0.05,,,,,,,,,,8379601,,
,10,y,,,,,,y,y,0.05,0.046,,,,,,,,,7822409,,
,,,,,,,,,,,,,,,,,,,,8710273,,
vuln_infinite_loop,1,y,y,0.8,,,,y,y,0.44,8/10,,,,,,,,,8404142,,
,2,y,y,0.83,,,,y,y,0.46,,,,,,,,,,9374956,,
,3,y,y,0.79,,,,y,n,3.36,,,,,,,,,,8433249,,
,4,y,y,0.82,,,,y,y,0.45,,,,,,,,,,8883227,,
,5,y,y,0.83,,,,y,y,0.45,,,,,,,,,,9328965,,
,6,y,y,0.83,,,,y,y,0.15,,,,,,,,,,9265247,,
,7,y,y,0.82,,,,y,y,0.39,,,,,,,,,,8174534,,
,8,y,y,0.84,,,,y,n,3.34,,,,,,,,,,8285833,,
,9,y,y,0.8,,,,y,y,0.13,,,,,,,,,,8204014,,
,10,y,y,0.78,,,,y,y,0.14,0.931,,,,,,,,,7333263,,
,,,,,,,,,,,,,,,,,,,,6928578,,
vuln_uaf,1,y,n,no failing,,,,y,y,0.05,,***,,,,,,,,10334117,,
,2,y,n,no failing,,,,y,y,0.06,,,,,,,,,,8693090,,
,3,y,n,no failing,,,,y,y,0.05,,,,,,,,,,8121568,,
,4,y,n,no failing,,,,y,y,0.05,,,,,,,,,,9273858,,
,5,y,n,no failing,,,,y,y,0.05,,,,,,,,,,7309078,,
,6,y,n,no failing,,,,y,y,0.05,,,,,,,,,,6496349,,
,7,y,n,no failing,,,,y,y,0.05,,,,,,,,,,6234729,,
,8,y,n,no failing,,,,y,y,0.06,,,,,,,,,,7986270,,
,9,y,n,no failing,,,,y,y,0.05,,,,,,,,,,7903168,,
,10,y,n,no failing,,,,y,y,0.05,0.052,,,,,,,,,10166593,,
,,,,,,,,,,,,,,,,,,,,7008173,,
bug_interpolate_half_always,1,y,n,4,,,,y,n,3.11,,,,,,,,,,8582486,,
,2,y,n,4.01,,,,y,n,3.14,,,,,,,,,,9077657,,
,3,y,n,3.91,,,,y,n,3.14,,,,,,,,,,9607198,,
,4,,,,,,,y,n,3.17,,,,,,,,,,7000638,,
,5,,,,,,,y,n,3.14,,,,,,,,,,7044828,,
,6,,,,,,,y,n,3.11,,,,,,,,,,8736012,,
,7,,,,,,,y,n,3.1,,,,,,,,,,6786827,,
,8,,,,,,,y,n,3.13,,,,,,,,,,8924114,,
,9,,,,,,,y,n,3.17,,,,,,,,,,6293565,,
,10,,,,,,,y,n,3.19,3.14,,,,,,,,,8532170,,
,,,,,,,,,,,,,,,,,,,,6806286,,
bug_floating_point,1,y,y,0.15,,,,y,y,0.26,,,,,,,,,,7197037,,
,2,y,y,0.16,,,,y,y,0.24,,,,,,,,,,9549147,,
,3,y,y,0.15,,,,y,y,0.24,,,,,,,,,,7683221,,
,4,y,y,0.16,,,,y,y,0.49,,,,,,,,,,8577232,,
,5,y,y,0.16,,,,y,y,0.23,,,,,,,,,,9657070,,
,6,y,y,0.15,,,,y,y,0.51,,,,,,,,,,8414828,,
,7,y,y,0.16,,,,y,y,0.52,,,,,,,,,,8877551,,
,8,y,y,0.15,,,,y,y,0.25,,,,,,,,,,7566615,,
,9,y,y,0.15,,,,y,y,2.76,,,,,,,,,,12141613,,
,10,y,y,0.16,,,,y,y,0.49,0.599,,,,,,,,,6854245,,
,,,,,,,,,,,,,,,,,,,,8497155,,
bug_type_casting_2,1,y,n,3.25,,,,y,n,3.24,,Could re-factor to make repairable (probably),,,,,,,,9929081,,
,2,,,,,,,y,n,3.25,,,,,,,,,,9384233,,
,3,,,,,,,y,n,3.19,,,,,,,,,,9580191,,
,4,,,,,,,y,n,3.21,,,,,,,,,,8945572,,
,5,,,,,,,y,n,3.18,,,,,,,,,,9735584,,
,6,,,,,,,y,n,3.2,,,,,,,,,,6377945,,
,7,,,,,,,y,n,3.18,,,,,,,,,,7731190,,
,8,,,,,,,y,n,3.21,,,,,,,,,,9276445,,
,9,,,,,,,y,n,3.25,,,,,,,,,,6300191,,
,10,,,,,,,y,n,3.22,3.213,,,,,,,,,6583872,,
,,,,,,,,,,,,,,,,,,,,8625599,,
,,,,,,,,,,,,,,,,,,,,7287206,,
,,,,,,,,,,,,,,,,,,,,6719411,,
,,,,,,,,,,,Max,,,,,,,,,7942580,,
,,,,,,,,,,,3.48,,,,,,,,,9303732,,
,,,,,,,,,,,,,,,,,,,,7830224,,
,,,,,,,,,,,,,,,,,,,,8107496,,
,,,,,,,,,,,,,,,,,,,,9191365,,
,,,,,,,,,,,,,,,,,,,,8328981,,
,,,,,,,,,,,,,,,,,,,,10958116,,
,,,,,,,,,,,,,,,,,,,,7517050,,
,,,,,,,,,,,,,,,,,,,,7766315,,
,,,,,,,,,,,,,,,,,,,,6854237,,
,,,,,,,,,,,,,,,,,,,,10311600,,
,,,,,,,,,,,,,,,,,,,,9608105,,
,,,,,,,,,,,,,,,,,,,,8104835,,
,,,,,,,,,,,,,,,,,,,,10057880,,
,,,,,,,,,,,,,,,,,,,,9304802,,
,,,,,,,,,,,,,,,,,,,,9176215,,
,,,,,,,,,,,,,,,,,,,,10273369,,
,,,,,,,,,,,,,,,,,,,,8609478,,
,,,,,,,,,,,,,,,,,,,,10368250,,
,,,,,,,,,,,,,,,,,,,,7511993,,
,,,,,,,,,,,,,,,,,,,,8731294,,
,,,,,,,,,,,,,,,,,,,,10720109,,
,,,,,,,,,,,,,,,,,,,,9608766,,
,,,,,,,,,,,,,,,,,,,,10331522,,
,,,,,,,,,,,,,,,,,,,,10697241,,
,,,,,,,,,,,,,,,,,,,,9390791,,
,,,,,,,,,,,,,,,,,,,,9580096,,
,,,,,,,,,,,,,,,,,,,,7856167,,
,,,,,,,,,,,,,,,,,,,,7758781,,
,,,,,,,,,,,,,,,,,,,,10624945,,
,,,,,,,,,,,,,,,,,,,,8962567,,
,,,,,,,,,,,,,,,,,,,,8316838,,
,,,,,,,,,,,,,,,,,,,,9413352,,
,,,,,,,,,,,,,,,,,,,,8412625,,
,,,,,,,,,,,,,,,,,,,,10802380,,
,,,,,,,,,,,,,,,,,,,,8472043,,
,,,,,,,,,,,,,,,,,,,,8524573,,
,,,,,,,,,,,,,,,,,,,,9943389,,
,,,,,,,,,,,,,,,,,,,,9545825,,
,,,,,,,,,,,,,,,,,,,,8221393,,
,,,,,,,,,,,,,,,,,,,,8566857,,
,,,,,,,,,,,,,,,,,,,,10088676,,
,,,,,,,,,,,,,,,,,,,,12026753,,
,,,,,,,,,,,,,,,,,,,,8833692,,
,,,,,,,,,,,,,,,,,,,,9330181,,
,,,,,,,,,,,,,,,,,,,,9607327,,
,,,,,,,,,,,,,,,,,,,,8055602,,
,,,,,,,,,,,,,,,,,,,,11053400,,
,,,,,,,,,,,,,,,,,,,,8868137,,
,,,,,,,,,,,,,,,,,,,,9468732,,
,,,,,,,,,,,,,,,,,,,,11943196,,
,,,,,,,,,,,,,,,,,,,,10740246,,
,,,,,,,,,,,,,,,,,,,,12543335,,
,,,,,,,,,,,,,,,,,,,,10560348,,
,,,,,,,,,,,,,,,,,,,,9216053,,
,,,,,,,,,,,,,,,,,,,,9273302,,
,,,,,,,,,,,,,,,,,,,,9322061,,
,,,,,,,,,,,,,,,,,,,,8342033,,
,,,,,,,,,,,,,,,,,,,,9406706,,
,,,,,,,,,,,,,,,,,,,,8190907,,
,,,,,,,,,,,,,,,,,,,,9791664,,
,,,,,,,,,,,,,,,,,,,,7653303,,
,,,,,,,,,,,,,,,,,,,,8598319,,
,,,,,,,,,,,,,,,,,,,,10390324,,
,,,,,,,,,,,,,,,,,,,,10325401,,
,,,,,,,,,,,,,,,,,,,,9550847,,
,,,,,,,,,,,,,,,,,,,,8444249,,
,,,,,,,,,,,,,,,,,,,,9178155,,
,,,,,,,,,,,,,,,,,,,,10623860,,
,,,,,,,,,,,,,,,,,,,,9763938,,
,,,,,,,,,,,,,,,,,,,,11529001,,
,,,,,,,,,,,,,,,,,,,,8600717,,
,,,,,,,,,,,,,,,,,,,,6792824,,
,,,,,,,,,,,,,,,,,,,,7458797,,
,,,,,,,,,,,,,,,,,,,,8431748,,
,,,,,,,,,,,,,,,,,,,,8355636,,
,,,,,,,,,,,,,,,,,,,,7854399,,
,,,,,,,,,,,,,,,,,,,,10380403,,
,,,,,,,,,,,,,,,,,,,,9010950,,
,,,,,,,,,,,,,,,,,,,,7439029,,
,,,,,,,,,,,,,,,,,,,,9273832,,
,,,,,,,,,,,,,,,,,,,,6684825,,
,,,,,,,,,,,,,,,,,,,,9382925,,
,,,,,,,,,,,,,,,,,,,,10062422,,
,,,,,,,,,,,,,,,,,,,,10270972,,
,,,,,,,,,,,,,,,,,,,,9889144,,
,,,,,,,,,,,,,,,,,,,,11617890,,
,,,,,,,,,,,,,,,,,,,,11906679,,
,,,,,,,,,,,,,,,,,,,,11097829,,
,,,,,,,,,,,,,,,,,,,,9795302,,
,,,,,,,,,,,,,,,,,,,,8632655,,
,,,,,,,,,,,,,,,,,,,,9624549,,
,,,,,,,,,,,,,,,,,,,,9812576,,
,,,,,,,,,,,,,,,,,,,,9783740,,
,,,,,,,,,,,,,,,,,,,,9697397,,
,,,,,,,,,,,,,,,,,,,,8407499,,
,,,,,,,,,,,,,,,,,,,,7226576,,
,,,,,,,,,,,,,,,,,,,,9769976,,
,,,,,,,,,,,,,,,,,,,,7829018,,
,,,,,,,,,,,,,,,,,,,,10609114,,
,,,,,,,,,,,,,,,,,,,,8741418,,
,,,,,,,,,,,,,,,,,,,,8240273,,
,,,,,,,,,,,,,,,,,,,,10814956,,
,,,,,,,,,,,,,,,,,,,,9764695,,
,,,,,,,,,,,,,,,,,,,,8207734,,
,,,,,,,,,,,,,,,,,,,,9351497,,
,,,,,,,,,,,,,,,,,,,,10329911,,
,,,,,,,,,,,,,,,,,,,,8535304,,
,,,,,,,,,,,,,,,,,,,,8989880,,
,,,,,,,,,,,,,,,,,,,,9284480,,
,,,,,,,,,,,,,,,,,,,,9904559,,
,,,,,,,,,,,,,,,,,,,,8044425,,
,,,,,,,,,,,,,,,,,,,,8675995,,
,,,,,,,,,,,,,,,,,,,,9244333,,
,,,,,,,,,,,,,,,,,,,,7409965,,
,,,,,,,,,,,,,,,,,,,,6614217,,
,,,,,,,,,,,,,,,,,,,,9036366,,
,,,,,,,,,,,,,,,,,,,,7866602,,
,,,,,,,,,,,,,,,,,,,,9363807,,
,,,,,,,,,,,,,,,,,,,,9773796,,
,,,,,,,,,,,,,,,,,,,,8103252,,
,,,,,,,,,,,,,,,,,,,,8425962,,
,,,,,,,,,,,,,,,,,,,,6852931,,
,,,,,,,,,,,,,,,,,,,,6715897,,
,,,,,,,,,,,,,,,,,,,,9680994,,
,,,,,,,,,,,,,,,,,,,,6285432,,
,,,,,,,,,,,,,,,,,,,,6890394,,
,,,,,,,,,,,,,,,,,,,,10201150,,
,,,,,,,,,,,,,,,,,,,,8461481,,
,,,,,,,,,,,,,,,,,,,,8524164,,
,,,,,,,,,,,,,,,,,,,,7605322,,
,,,,,,,,,,,,,,,,,,,,8482549,,
,,,,,,,,,,,,,,,,,,,,7623508,,
,,,,,,,,,,,,,,,,,,,,8354219,,
,,,,,,,,,,,,,,,,,,,,8123002,,
,,,,,,,,,,,,,,,,,,,,9136180,,
,,,,,,,,,,,,,,,,,,,,7639102,,
,,,,,,,,,,,,,,,,,,,,6446751,,
,,,,,,,,,,,,,,,,,,,,6327554,,
,,,,,,,,,,,,,,,,,,,,7897084,,
,,,,,,,,,,,,,,,,,,,,6464225,,
,,,,,,,,,,,,,,,,,,,,7206897,,
,,,,,,,,,,,,,,,,,,,,6324372,,
,,,,,,,,,,,,,,,,,,,,7280621,,
,,,,,,,,,,,,,,,,,,,,8349824,,
,,,,,,,,,,,,,,,,,,,,6320088,,
,,,,,,,,,,,,,,,,,,,,6847345,,
,,,,,,,,,,,,,,,,,,,,8523132,,
,,,,,,,,,,,,,,,,,,,,9439502,,
,,,,,,,,,,,,,,,,,,,,8971846,,
,,,,,,,,,,,,,,,,,,,,8138373,,
,,,,,,,,,,,,,,,,,,,,8727888,,
,,,,,,,,,,,,,,,,,,,,7206824,,
,,,,,,,,,,,,,,,,,,,,7845607,,
,,,,,,,,,,,,,,,,,,,,7240154,,
,,,,,,,,,,,,,,,,,,,,7553079,,
,,,,,,,,,,,,,,,,,,,,10231051,,
,,,,,,,,,,,,,,,,,,,,7401106,,
,,,,,,,,,,,,,,,,,,,,7192468,,
,,,,,,,,,,,,,,,,,,,,7885870,,
,,,,,,,,,,,,,,,,,,,,7242370,,
,,,,,,,,,,,,,,,,,,,,7217446,,
,,,,,,,,,,,,,,,,,,,,6302378,,
,,,,,,,,,,,,,,,,,,,,8377281,,
,,,,,,,,,,,,,,,,,,,,10312339,,
,,,,,,,,,,,,,,,,,,,,8017189,,
,,,,,,,,,,,,,,,,,,,,8273058,,
,,,,,,,,,,,,,,,,,,,,8271572,,
,,,,,,,,,,,,,,,,,,,,10550389,,
,,,,,,,,,,,,,,,,,,,,8921900,,
,,,,,,,,,,,,,,,,,,,,8238146,,
,,,,,,,,,,,,,,,,,,,,10498433,,
,,,,,,,,,,,,,,,,,,,,9285205,,
,,,,,,,,,,,,,,,,,,,,7807202,,
,,,,,,,,,,,,,,,,,,,,8002594,,
,,,,,,,,,,,,,,,,,,,,8934343,,
,,,,,,,,,,,,,,,,,,,,9603198,,
,,,,,,,,,,,,,,,,,,,,7416289,,
,,,,,,,,,,,,,,,,,,,,9380627,,
,,,,,,,,,,,,,,,,,,,,9559355,,
,,,,,,,,,,,,,,,,,,,,10300260,,
,,,,,,,,,,,,,,,,,,,,8176239,,
,,,,,,,,,,,,,,,,,,,,8110128,,
,,,,,,,,,,,,,,,,,,,,9196060,,
,,,,,,,,,,,,,,,,,,,,8497563,,
,,,,,,,,,,,,,,,,,,,,9489504,,
,,,,,,,,,,,,,,,,,,,,10156911,,
,,,,,,,,,,,,,,,,,,,,8863776,,
,,,,,,,,,,,,,,,,,,,,9860022,,
,,,,,,,,,,,,,,,,,,,,6995846,,
,,,,,,,,,,,,,,,,,,,,8826181,,
,,,,,,,,,,,,,,,,,,,,9510762,,
,,,,,,,,,,,,,,,,,,,,8336362,,
,,,,,,,,,,,,,,,,,,,,9596667,,
,,,,,,,,,,,,,,,,,,,,6669190,,
,,,,,,,,,,,,,,,,,,,,8650503,,
,,,,,,,,,,,,,,,,,,,,7465859,,
,,,,,,,,,,,,,,,,,,,,7892088,,
,,,,,,,,,,,,,,,,,,,,9783999,,
,,,,,,,,,,,,,,,,,,,,7881267,,
,,,,,,,,,,,,,,,,,,,,7220912,,
,,,,,,,,,,,,,,,,,,,,6269414,,
,,,,,,,,,,,,,,,,,,,,6425288,,
,,,,,,,,,,,,,,,,,,,,10420525,,
,,,,,,,,,,,,,,,,,,,,7198467,,
,,,,,,,,,,,,,,,,,,,,7163051,,
,,,,,,,,,,,,,,,,,,,,8110293,,
,,,,,,,,,,,,,,,,,,,,8901003,,
,,,,,,,,,,,,,,,,,,,,8385362,,
,,,,,,,,,,,,,,,,,,,,8686961,,
,,,,,,,,,,,,,,,,,,,,8542353,,
,,,,,,,,,,,,,,,,,,,,8994318,,
,,,,,,,,,,,,,,,,,,,,7332713,,
,,,,,,,,,,,,,,,,,,,,8507316,,
,,,,,,,,,,,,,,,,,,,,8423461,,
,,,,,,,,,,,,,,,,,,,,8024231,,
,,,,,,,,,,,,,,,,,,,,7354005,,
,,,,,,,,,,,,,,,,,,,,7025385,,
,,,,,,,,,,,,,,,,,,,,7646238,,
,,,,,,,,,,,,,,,,,,,,7300683,,
,,,,,,,,,,,,,,,,,,,,8282379,,
,,,,,,,,,,,,,,,,,,,,7994876,,
,,,,,,,,,,,,,,,,,,,,8260311,,
,,,,,,,,,,,,,,,,,,,,9378686,,
,,,,,,,,,,,,,,,,,,,,5905798,,
,,,,,,,,,,,,,,,,,,,,8373756,,
,,,,,,,,,,,,,,,,,,,,5979698,,
,,,,,,,,,,,,,,,,,,,,7098654,,
,,,,,,,,,,,,,,,,,,,,8407713,,
,,,,,,,,,,,,,,,,,,,,7073989,,
,,,,,,,,,,,,,,,,,,,,8074314,,
,,,,,,,,,,,,,,,,,,,,9611017,,
,,,,,,,,,,,,,,,,,,,,5876109,,
,,,,,,,,,,,,,,,,,,,,9420024,,
,,,,,,,,,,,,,,,,,,,,8492870,,
,,,,,,,,,,,,,,,,,,,,8309020,,
,,,,,,,,,,,,,,,,,,,,8201750,,
,,,,,,,,,,,,,,,,,,,,6305789,,
,,,,,,,,,,,,,,,,,,,,5964641,,
,,,,,,,,,,,,,,,,,,,,6028194,,
,,,,,,,,,,,,,,,,,,,,8187963,,
,,,,,,,,,,,,,,,,,,,,7321463,,
,,,,,,,,,,,,,,,,,,,,7352202,,
,,,,,,,,,,,,,,,,,,,,5857384,,
,,,,,,,,,,,,,,,,,,,,7567891,,
,,,,,,,,,,,,,,,,,,,,6534299,,
,,,,,,,,,,,,,,,,,,,,6099441,,
,,,,,,,,,,,,,,,,,,,,7183330,,
,,,,,,,,,,,,,,,,,,,,6627254,,
,,,,,,,,,,,,,,,,,,,,6332211,,
,,,,,,,,,,,,,,,,,,,,7490708,,
,,,,,,,,,,,,,,,,,,,,7317434,,
,,,,,,,,,,,,,,,,,,,,6882961,,
,,,,,,,,,,,,,,,,,,,,6696859,,
,,,,,,,,,,,,,,,,,,,,6267666,,
,,,,,,,,,,,,,,,,,,,,7067996,,
,,,,,,,,,,,,,,,,,,,,6348407,,
,,,,,,,,,,,,,,,,,,,,6829223,,
,,,,,,,,,,,,,,,,,,,,6726363,,
,,,,,,,,,,,,,,,,,,,,7007311,,
,,,,,,,,,,,,,,,,,,,,8041601,,
,,,,,,,,,,,,,,,,,,,,6747692,,
,,,,,,,,,,,,,,,,,,,,8415367,,
,,,,,,,,,,,,,,,,,,,,8710128,,
,,,,,,,,,,,,,,,,,,,,7325461,,
,,,,,,,,,,,,,,,,,,,,6895573,,
,,,,,,,,,,,,,,,,,,,,7266568,,
,,,,,,,,,,,,,,,,,,,,6627087,,
,,,,,,,,,,,,,,,,,,,,6718581,,
,,,,,,,,,,,,,,,,,,,,8319363,,
,,,,,,,,,,,,,,,,,,,,6924261,,
,,,,,,,,,,,,,,,,,,,,9281489,,
,,,,,,,,,,,,,,,,,,,,8445513,,
,,,,,,,,,,,,,,,,,,,,7723916,,
,,,,,,,,,,,,,,,,,,,,8399659,,
,,,,,,,,,,,,,,,,,,,,10019003,,
,,,,,,,,,,,,,,,,,,,,9750204,,
,,,,,,,,,,,,,,,,,,,,10087666,,
,,,,,,,,,,,,,,,,,,,,8560928,,
,,,,,,,,,,,,,,,,,,,,9642913,,
,,,,,,,,,,,,,,,,,,,,8192873,,
,,,,,,,,,,,,,,,,,,,,8885959,,
,,,,,,,,,,,,,,,,,,,,7450149,,
,,,,,,,,,,,,,,,,,,,,7132264,,
,,,,,,,,,,,,,,,,,,,,8091756,,
,,,,,,,,,,,,,,,,,,,,7857806,,
,,,,,,,,,,,,,,,,,,,,6530340,,
,,,,,,,,,,,,,,,,,,,,7497106,,
,,,,,,,,,,,,,,,,,,,,7740838,,
,,,,,,,,,,,,,,,,,,,,9763692,,
,,,,,,,,,,,,,,,,,,,,8991905,,
,,,,,,,,,,,,,,,,,,,,9946219,,
,,,,,,,,,,,,,,,,,,,,8712538,,
,,,,,,,,,,,,,,,,,,,,7890155,,
,,,,,,,,,,,,,,,,,,,,9880982,,
,,,,,,,,,,,,,,,,,,,,8270547,,
,,,,,,,,,,,,,,,,,,,,9216464,,
,,,,,,,,,,,,,,,,,,,,8626060,,
,,,,,,,,,,,,,,,,,,,,8004087,,
,,,,,,,,,,,,,,,,,,,,8995887,,
,,,,,,,,,,,,,,,,,,,,8181668,,
,,,,,,,,,,,,,,,,,,,,7119607,,
,,,,,,,,,,,,,,,,,,,,9685546,,
,,,,,,,,,,,,,,,,,,,,8539498,,
,,,,,,,,,,,,,,,,,,,,7291661,,
,,,,,,,,,,,,,,,,,,,,9572553,,
,,,,,,,,,,,,,,,,,,,,7967575,,
,,,,,,,,,,,,,,,,,,,,9142468,,
,,,,,,,,,,,,,,,,,,,,8347662,,
,,,,,,,,,,,,,,,,,,,,9453312,,
,,,,,,,,,,,,,,,,,,,,7555847,,
,,,,,,,,,,,,,,,,,,,,9904527,,
,,,,,,,,,,,,,,,,,,,,8327147,,
,,,,,,,,,,,,,,,,,,,,10902671,,
,,,,,,,,,,,,,,,,,,,,10069345,,
,,,,,,,,,,,,,,,,,,,,8431857,,
,,,,,,,,,,,,,,,,,,,,10447636,,
,,,,,,,,,,,,,,,,,,,,8848913,,
,,,,,,,,,,,,,,,,,,,,9078751,,
,,,,,,,,,,,,,,,,,,,,11642507,,
,,,,,,,,,,,,,,,,,,,,7428605,,
,,,,,,,,,,,,,,,,,,,,9804659,,
,,,,,,,,,,,,,,,,,,,,8223436,,
,,,,,,,,,,,,,,,,,,,,7614666,,
,,,,,,,,,,,,,,,,,,,,10654911,,
,,,,,,,,,,,,,,,,,,,,10064580,,
,,,,,,,,,,,,,,,,,,,,10484962,,
,,,,,,,,,,,,,,,,,,,,7127677,,
,,,,,,,,,,,,,,,,,,,,8938131,,
,,,,,,,,,,,,,,,,,,,,8205512,,
,,,,,,,,,,,,,,,,,,,,6426770,,
,,,,,,,,,,,,,,,,,,,,6315833,,
,,,,,,,,,,,,,,,,,,,,6121516,,
,,,,,,,,,,,,,,,,,,,,9401151,,
,,,,,,,,,,,,,,,,,,,,9162381,,
,,,,,,,,,,,,,,,,,,,,7403437,,
,,,,,,,,,,,,,,,,,,,,6485046,,
,,,,,,,,,,,,,,,,,,,,9046712,,
,,,,,,,,,,,,,,,,,,,,6511124,,
,,,,,,,,,,,,,,,,,,,,7336789,,
,,,,,,,,,,,,,,,,,,,,8080860,,
,,,,,,,,,,,,,,,,,,,,6855704,,
,,,,,,,,,,,,,,,,,,,,8704983,,
,,,,,,,,,,,,,,,,,,,,8519922,,
,,,,,,,,,,,,,,,,,,,,6757091,,
,,,,,,,,,,,,,,,,,,,,7944215,,
,,,,,,,,,,,,,,,,,,,,7303964,,
,,,,,,,,,,,,,,,,,,,,6573053,,
,,,,,,,,,,,,,,,,,,,,7243195,,
,,,,,,,,,,,,,,,,,,,,7109253,,
,,,,,,,,,,,,,,,,,,,,8650612,,
,,,,,,,,,,,,,,,,,,,,7756691,,
,,,,,,,,,,,,,,,,,,,,9085434,,
,,,,,,,,,,,,,,,,,,,,7308453,,
,,,,,,,,,,,,,,,,,,,,6443027,,
,,,,,,,,,,,,,,,,,,,,6924510,,
,,,,,,,,,,,,,,,,,,,,6789788,,
,,,,,,,,,,,,,,,,,,,,8147856,,
,,,,,,,,,,,,,,,,,,,,6759903,,
,,,,,,,,,,,,,,,,,,,,10320053,,